"year","incident_ID","staff_ID"
"2023","IN-2135823","ST-675029"
"2023","IN-7488401","ST-675029"
"2023","IN-6894828","ST-675029"
"2023","IN-5579142","ST-153625"
"2023","IN-2352566","ST-153625"
"2023","IN-5219303","ST-153625"
"2023","IN-8749959","ST-153625"
"2023","IN-9538059","ST-153625"
"2023","IN-3762823","ST-153625"
"2023","IN-3370862","ST-153625"
"2023","IN-8307603","ST-153625"
"2023","IN-5923577","ST-668694"
"2023","IN-2746841","ST-580035"
"2023","IN-2973923","ST-580035"
"2023","IN-1845085","ST-580035"
"2023","IN-7087298","ST-580035"
"2023","IN-7484899","ST-580035"
"2023","IN-5181365","ST-580035"
"2023","IN-8577045","ST-580035"
"2023","IN-6204313","ST-864903"
"2023","IN-6835922","ST-864903"
"2023","IN-4163843","ST-864903"
"2023","IN-8047755","ST-864903"
"2023","IN-8631294","ST-864903"
"2023","IN-3059851","ST-597185"
"2023","IN-6183453","ST-597185"
"2023","IN-4271588","ST-597185"
"2023","IN-6586952","ST-405658"
"2023","IN-1790523","ST-405658"
"2023","IN-1143595","ST-405658"
"2023","IN-1241074","ST-405658"
"2023","IN-4459411","ST-405658"
"2023","IN-8983868","ST-405658"
"2023","IN-5143861","ST-405658"
"2023","IN-9913108","ST-405658"
"2023","IN-9513710","ST-405658"
"2023","IN-1849507","ST-920798"
"2023","IN-9860736","ST-656025"
"2023","IN-8837031","ST-656025"
"2023","IN-7330860","ST-656025"
"2023","IN-5450391","ST-656025"
"2023","IN-7851686","ST-656025"
"2023","IN-5862672","ST-857062"
"2023","IN-2911295","ST-857062"
"2023","IN-4620958","ST-857062"
"2023","IN-4079140","ST-857062"
"2023","IN-4230995","ST-857062"
"2023","IN-1569425","ST-857062"
"2023","IN-6095117","ST-857062"
"2023","IN-4290534","ST-857062"
